0.000000000000000000e+00,-1.490570148401927609e-04,-4.136710986495018005e-02,3.480010347299514195e-02
0.000000000000000000e+00,-2.705790633874458040e-04,-1.307029597228392959e-04,2.370263290226647807e-02
0.000000000000000000e+00,-4.727897074896555540e-04,-1.823662081733345985e-03,1.595368586523670390e-02
0.000000000000000000e+00,-3.780829896707469545e-04,1.299123764038085938e-01,1.008711263880011227e-02
0.000000000000000000e+00,5.783744891503433710e-06,1.863227784633636475e-01,7.146305930593531419e-03
0.000000000000000000e+00,-3.744946797094840193e-04,1.146968975663185120e-01,6.417487734009831579e-03
0.000000000000000000e+00,-5.917830796991962669e-04,8.906882256269454956e-02,2.792099627696817410e-03
0.000000000000000000e+00,-4.142687068578244686e-04,1.012487262487411499e-01,7.140267841363595602e-04
0.000000000000000000e+00,-2.549351182376812945e-05,1.311347633600234985e-01,8.428501104954869150e-04
0.000000000000000000e+00,6.752339688718874680e-04,1.698374450206756592e-01,1.974667364062245023e-03
0.000000000000000000e+00,7.301168149798214222e-04,1.509678065776824951e-01,4.398901934213994558e-03
0.000000000000000000e+00,-4.475654671059819609e-05,6.739225983619689941e-02,3.727616860483479178e-03
0.000000000000000000e+00,-4.621243962742365785e-04,4.679746180772781372e-02,-3.498660772277492614e-04
0.000000000000000000e+00,-4.345464385878739823e-04,5.912791937589645386e-02,-2.143087471132940069e-03
0.000000000000000000e+00,-3.005143958141119989e-04,6.614786386489868164e-02,-1.722915903484945055e-03
0.000000000000000000e+00,-8.735021991210331044e-06,6.687665730714797974e-02,-9.500788518506178559e-04
0.000000000000000000e+00,4.844781748277294880e-04,5.951319262385368347e-02,3.693588362492922217e-04
0.000000000000000000e+00,3.189896678778349507e-04,3.878226503729820251e-02,2.374892258290302316e-03
0.000000000000000000e+00,-4.810536964012569771e-04,-6.567121483385562897e-03,1.211406237370968308e-03
0.000000000000000000e+00,-7.334061563043377772e-04,-3.372768312692642212e-02,-2.504786721757329415e-03
0.000000000000000000e+00,-4.192246066113071890e-04,-3.786411136388778687e-02,-3.232300074646206334e-03
0.000000000000000000e+00,3.062815384719314764e-04,-9.682317264378070831e-03,-1.425846370628626458e-03
0.000000000000000000e+00,3.839813484521793102e-04,-2.484020963311195374e-02,1.852529994603641095e-03
0.000000000000000000e+00,-2.272196050163341181e-04,-6.832459568977355957e-02,1.778617090131384693e-03
0.000000000000000000e+00,-7.081882792586037664e-04,-8.746171742677688599e-02,-1.250038626357363736e-03
0.000000000000000000e+00,-6.786857005184321594e-04,-7.953640073537826538e-02,-3.207394685706486948e-03
0.000000000000000000e+00,-1.296414607978928180e-04,-4.916589334607124329e-02,-2.660589114368713815e-03
0.000000000000000000e+00,5.582515015394117321e-04,1.538755837827920914e-03,1.821182075219252017e-05
0.000000000000000000e+00,4.303575349208693993e-04,-2.200856059789657593e-02,2.866050710861350881e-03
0.000000000000000000e+00,-2.194759448566030685e-04,-4.853349179029464722e-02,1.732206145426226640e-03
0.000000000000000000e+00,-5.488182823945277544e-04,-5.856114998459815979e-02,-1.442066162105445914e-03
0.000000000000000000e+00,-5.080425210924478362e-04,-4.161573573946952820e-02,-2.684534107606294240e-03
0.000000000000000000e+00,-4.360733747615632913e-04,-4.806788638234138489e-02,-2.152449721088266210e-03
0.000000000000000000e+00,-6.587461546889890329e-04,-6.928618997335433960e-02,-1.622024736951332979e-03
0.000000000000000000e+00,-6.285414362866440039e-04,-5.915694311261177063e-02,-2.515351187559342061e-03
0.000000000000000000e+00,-3.942210025367105255e-04,-4.479296132922172546e-02,-2.188288808259213070e-03
0.000000000000000000e+00,-3.581410977945260836e-04,-4.680209606885910034e-02,-1.053051722494931230e-03
0.000000000000000000e+00,-3.672494303272639420e-04,-4.765957966446876526e-02,-9.856177345950664637e-04
0.000000000000000000e+00,-1.679271821218966990e-04,-2.851365506649017334e-02,-1.119182573818787441e-03
0.000000000000000000e+00,-4.145886023437844650e-04,-5.105439200997352600e-02,-3.069378761810653833e-04
0.000000000000000000e+00,-6.682330121458837559e-04,-6.987664848566055298e-02,-1.572103107426323088e-03
0.000000000000000000e+00,-5.483562080339053754e-04,-5.485034734010696411e-02,-2.665770350757871998e-03
0.000000000000000000e+00,-3.198800256179037743e-04,-4.209501296281814575e-02,-1.969283118916941022e-03
0.000000000000000000e+00,-2.790824750398273484e-04,-4.361972585320472717e-02,-9.325632194212840620e-04
0.000000000000000000e+00,-2.875041969638439474e-04,-4.457733780145645142e-02,-8.908765571263022043e-04
0.000000000000000000e+00,-8.583434876938449891e-05,-2.580643817782402039e-02,-1.055634883133683977e-03
0.000000000000000000e+00,-3.315918283286437441e-04,-4.786391928791999817e-02,-2.557671724305737859e-04
0.000000000000000000e+00,-5.776136954816815097e-04,-6.609538942575454712e-02,-1.531738198776291804e-03
0.000000000000000000e+00,-4.520843924645545652e-04,-5.094779655337333679e-02,-2.601937048387452378e-03
0.000000000000000000e+00,-2.150628904343277750e-04,-3.803409263491630554e-02,-1.890401504273407640e-03
0.000000000000000000e+00,-1.621084724185872415e-04,-3.892026841640472412e-02,-8.250152135703126000e-04
0.000000000000000000e+00,-1.612216376600084480e-04,-3.950946405529975891e-02,-7.389397190725177644e-04
0.000000000000000000e+00,-1.808033606352528043e-04,-4.058907181024551392e-02,-8.780615712355582803e-04
0.000000000000000000e+00,2.188324115115469941e-05,-2.184279449284076691e-02,-1.065540438713777349e-03
0.000000000000000000e+00,-4.156065042260084991e-04,-5.853788554668426514e-02,-2.332162139537866108e-04
0.000000000000000000e+00,-3.714136717904951025e-04,-4.930825158953666687e-02,-2.337458343888369761e-03
0.000000000000000000e+00,-2.911037924449970133e-04,-4.356326907873153687e-02,-1.986016658632863696e-03
0.000000000000000000e+00,-2.850731583428629096e-04,-4.426607489585876465e-02,-1.560403208568310329e-03
0.000000000000000000e+00,-3.070264983491011461e-04,-4.546711966395378113e-02,-1.544333028078867520e-03
0.000000000000000000e+00,-3.403122579294103642e-04,-4.694286733865737915e-02,-1.659035456112123441e-03
0.000000000000000000e+00,-1.483360375619504820e-04,-2.782727777957916260e-02,-1.808122419783599055e-03
0.000000000000000000e+00,-4.044024732946614872e-04,-5.071410536766052246e-02,-9.479848256038064802e-04
0.000000000000000000e+00,-6.565852476673839999e-04,-6.958238035440444946e-02,-2.193441657803066325e-03
0.000000000000000000e+00,-5.193561278734842683e-04,-5.362350866198539734e-02,-3.231160272135547018e-03
0.000000000000000000e+00,-2.901984396955535422e-04,-4.079912602901458740e-02,-2.424117929190956755e-03
0.000000000000000000e+00,-2.461684810039993856e-04,-4.231372475624084473e-02,-1.371906982171669509e-03
0.000000000000000000e+00,-2.414510846263808028e-04,-4.256647080183029175e-02,-1.305620812037888712e-03
0.000000000000000000e+00,-2.564883217168380941e-04,-4.352366179227828979e-02,-1.410557901011751103e-03
0.000000000000000000e+00,-4.207241210719687811e-05,-2.353514544665813446e-02,-1.569446146422501243e-03
0.000000000000000000e+00,-4.765630686664175473e-04,-6.069373339414596558e-02,-6.847294893886080036e-04
0.000000000000000000e+00,-4.116961420467622887e-04,-5.064688250422477722e-02,-2.784074363828291376e-03
0.000000000000000000e+00,-5.331013551742183143e-05,-3.105950728058815002e-02,-2.352846656685975146e-03
0.000000000000000000e+00,8.255848685490689857e-05,-2.837536856532096863e-02,-7.221119618701504761e-04
0.000000000000000000e+00,-2.037542875246933186e-04,-4.457757249474525452e-02,-3.247540105194221538e-04
0.000000000000000000e+00,-3.274835969706473351e-04,-4.754736647009849548e-02,-1.818366831279651097e-03
0.000000000000000000e+00,-1.680678639899252196e-04,-2.846239507198333740e-02,-2.338101458155827927e-03
0.000000000000000000e+00,-6.446134650413422838e-04,-6.768615543842315674e-02,-1.542755813415688793e-03
0.000000000000000000e+00,-5.886842948673797708e-04,-5.771986767649650574e-02,-3.687032951471463926e-03
0.000000000000000000e+00,-2.328381614779944915e-04,-3.803451359272003174e-02,-3.172562152337916885e-03
0.000000000000000000e+00,1.902014113492443573e-04,-2.076398022472858429e-02,-1.464166835473471040e-03
0.000000000000000000e+00,2.428777077981440755e-05,-3.422760218381881714e-02,2.595291460081999846e-04
0.000000000000000000e+00,-3.677855758672993517e-04,-5.229457095265388489e-02,-8.470984011536147884e-04
0.000000000000000000e+00,-3.069899553346049060e-04,-3.445754945278167725e-02,-2.727621462004094222e-03
0.000000000000000000e+00,-8.660569775045020690e-04,-7.729890942573547363e-02,-2.314880574370403732e-03
0.000000000000000000e+00,-7.837012239090545293e-04,-6.486948579549789429e-02,-4.727025901054247858e-03
0.000000000000000000e+00,-4.079454754919109799e-04,-4.459194466471672058e-02,-3.978257777625074376e-03
0.000000000000000000e+00,2.855417445700656463e-05,-2.694793418049812317e-02,-2.118872783210275224e-03
0.000000000000000000e+00,-1.277295816216938507e-04,-4.003503546118736267e-02,-3.091627643838773531e-04
0.000000000000000000e+00,-1.838434478633074699e-04,-4.105411842465400696e-02,-1.366283067784253291e-03
0.000000000000000000e+00,1.722265621112107823e-05,-2.200051024556159973e-02,-1.770132284444947413e-03
0.000000000000000000e+00,-4.190865771149991192e-04,-5.867654457688331604e-02,-9.595866994309629194e-04
0.000000000000000000e+00,-3.389522208104598180e-04,-4.754975438117980957e-02,-3.067721468229409054e-03
0.000000000000000000e+00,3.111733462735554942e-05,-2.758005633950233459e-02,-2.567029893702089949e-03
0.000000000000000000e+00,-1.481649137397323421e-04,-4.108412563800811768e-02,-8.912303748382574553e-04
0.000000000000000000e+00,-2.296093572472905641e-04,-4.310500994324684143e-02,-1.894942263997417831e-03
0.000000000000000000e+00,-2.733985629410305425e-04,-4.440880939364433289e-02,-2.288410304424004504e-03
0.000000000000000000e+00,-3.063058987460360780e-04,-4.561758041381835938e-02,-2.458038647981657110e-03
0.000000000000000000e+00,-1.017984848261796271e-04,-2.568598650395870209e-02,-2.559746035559848365e-03
0.000000000000000000e+00,-5.469876357444310297e-04,-6.343798339366912842e-02,-1.613655527028086401e-03
0.000000000000000000e+00,-4.680997444242384307e-04,-5.272408574819564819e-02,-3.682588204109667196e-03
0.000000000000000000e+00,-9.865265149659185342e-05,-3.264699503779411316e-02,-3.126292306214757677e-03
0.000000000000000000e+00,4.665201205281746386e-05,-2.958863042294979095e-02,-1.414942566811322466e-03
-1.300000000000000044e-01,-6.019893028069891582e-04,7.853981852531433105e-01,1.779415940412282238e-03
-1.300000000000000044e-01,-1.564107177502174545e-03,7.853981852531433105e-01,3.353119621025558994e-03
-1.300000000000000044e-01,-2.727651614515486014e-03,7.853981852531433105e-01,5.372710666390900086e-03
-1.300000000000000044e-01,-5.012778021474092321e-03,7.853981852531433105e-01,7.967424511370561208e-03
-1.300000000000000044e-01,-6.971638648308326781e-03,7.853981852531433105e-01,6.747649994594106387e-03
-1.300000000000000044e-01,-9.117826309600203863e-03,7.853981852531433105e-01,8.449573653815257296e-03
-1.300000000000000044e-01,-1.156827774737464315e-02,7.853981852531433105e-01,1.010781942642912171e-02
-1.300000000000000044e-01,-1.429928221067763849e-02,7.853981852531433105e-01,1.105215224578601912e-02
-1.300000000000000044e-01,-1.728612089322174167e-02,7.853981852531433105e-01,1.134822883403514837e-02
-1.300000000000000044e-01,-2.036962411676047913e-02,7.853981852531433105e-01,1.104967023280540098e-02
-1.300000000000000044e-01,-2.357862098937823017e-02,7.853981852531433105e-01,1.080953052396431760e-02
-1.300000000000000044e-01,-2.706519224118303021e-02,7.853981852531433105e-01,1.036700648973591307e-02
-1.300000000000000044e-01,-3.079428722460916465e-02,7.853981852531433105e-01,8.931117189085992225e-03
-1.300000000000000044e-01,-3.466429000499941099e-02,7.853981852531433105e-01,6.712512073614666785e-03
-1.300000000000000044e-01,-3.865340928891714684e-02,7.853981852531433105e-01,4.154665919268812208e-03
-1.300000000000000044e-01,-4.273919665915320437e-02,7.853981852531433105e-01,1.279724069192827995e-03
-1.300000000000000044e-01,-4.677044887135349549e-02,7.853981852531433105e-01,-1.887700137879914919e-03
-1.300000000000000044e-01,-5.067489798466359718e-02,7.853981852531433105e-01,-4.738149310667558178e-03
-1.300000000000000044e-01,-5.450345386704288919e-02,7.853981852531433105e-01,-7.097225768445181160e-03
-1.300000000000000044e-01,-5.861690570095416664e-02,7.853981852531433105e-01,-9.331749076728346193e-03
-1.300000000000000044e-01,-6.275607626024488905e-02,7.853981852531433105e-01,-1.310262899696969241e-02
-1.300000000000000044e-01,-6.690283071080041499e-02,7.853981852531433105e-01,-1.708159902828343402e-02
-1.300000000000000044e-01,-7.102784884505036755e-02,7.853981852531433105e-01,-2.122998150613600310e-02
-1.300000000000000044e-01,-7.500224523637233354e-02,7.853980660438537598e-01,-2.546520932296075790e-02
-1.300000000000000044e-01,-7.864513277528972779e-02,7.853978872299194336e-01,-2.926116359559187419e-02
-1.300000000000000044e-01,-8.184936364640212070e-02,7.853976488113403320e-01,-3.193921780346850592e-02
-1.300000000000000044e-01,-8.547555333785089582e-02,7.853965163230895996e-01,-3.321648331849785807e-02
-1.300000000000000044e-01,-8.909214139216495298e-02,7.853934168815612793e-01,-3.707792898730098707e-02
-1.300000000000000044e-01,-9.267091147565419129e-02,7.853821516036987305e-01,-4.120711657491350766e-02
-1.300000000000000044e-01,-9.618742473147336158e-02,7.853444218635559082e-01,-4.546651949194975562e-02
-1.300000000000000044e-01,-9.962872797521311885e-02,7.852254509925842285e-01,-4.976085279373951287e-02
-1.300000000000000044e-01,-1.029146716154696189e-01,7.848653793334960938e-01,-5.405519295317313955e-02
-1.300000000000000044e-01,-1.047262281662971889e-01,7.845493555068969727e-01,-5.801313284435537232e-02
-1.300000000000000044e-01,-1.071689650124130200e-01,7.830476760864257812e-01,-5.591705555438220010e-02
-1.300000000000000044e-01,-1.098377298420324250e-01,7.787141799926757812e-01,-5.789138630293137744e-02
-1.300000000000000044e-01,-1.125145195900396355e-01,7.688133120536804199e-01,-6.140177432846195826e-02
-1.300000000000000044e-01,-1.151450137806874496e-01,7.460018992424011230e-01,-6.523498785118200805e-02
-1.300000000000000044e-01,-1.177059169404697930e-01,6.911004781723022461e-01,-6.911687782366768285e-02
-1.300000000000000044e-01,-1.201599689077025856e-01,6.051284670829772949e-01,-7.295725280832818238e-02
-1.300000000000000044e-01,-1.208567856949157721e-01,6.097047328948974609e-01,-7.660194339570289279e-02
-1.300000000000000044e-01,-1.222767476881299331e-01,5.057492852210998535e-01,-7.286905963758277816e-02
-1.300000000000000044e-01,-1.240264886191972254e-01,3.336612284183502197e-01,-7.369752487119998752e-02
-1.300000000000000044e-01,-1.258232364571237327e-01,1.229577735066413879e-01,-7.649792078074425794e-02
-1.300000000000000044e-01,-1.275965582079382488e-01,-6.040658056735992432e-02,-7.969244381512162467e-02
-1.300000000000000044e-01,-1.293637315105264363e-01,-2.035833299160003662e-01,-8.292944337669780341e-02
-1.300000000000000044e-01,-1.304707568042803023e-01,-2.272317707538604736e-01,-8.627442248075370412e-02
-1.300000000000000044e-01,-1.309651720788160001e-01,-2.266036719083786011e-01,-8.687722745850198769e-02
-1.300000000000000044e-01,-1.315077190932656681e-01,-2.402913868427276611e-01,-8.535916477034889704e-02
-1.300000000000000044e-01,-1.319118605018666235e-01,-2.448101043701171875e-01,-8.484428384336661910e-02
-1.300000000000000044e-01,-1.327864480116058010e-01,-2.837759554386138916e-01,-8.428264128356947882e-02
-1.300000000000000044e-01,-1.337881934809047602e-01,-3.922365307807922363e-01,-8.625423963066247701e-02
-1.300000000000000044e-01,-1.349068546972007343e-01,-4.978760182857513428e-01,-8.880209251589614439e-02
-1.300000000000000044e-01,-1.353812804098113165e-01,-5.140129923820495605e-01,-9.185244928443087042e-02
-1.300000000000000044e-01,-1.352510177596265295e-01,-4.759450852870941162e-01,-9.200772412278479528e-02
-1.300000000000000044e-01,-1.352247294396121124e-01,-4.895988702774047852e-01,-8.989944870365328133e-02
-1.300000000000000044e-01,-1.351194157502142446e-01,-4.828008115291595459e-01,-8.890007434415060639e-02
-1.300000000000000044e-01,-1.355492897789008222e-01,-5.220354795455932617e-01,-8.791948220404102732e-02
-1.300000000000000044e-01,-1.361424847955607642e-01,-5.623758435249328613e-01,-8.963154256033040168e-02
-1.300000000000000044e-01,-1.368157428144847199e-01,-5.991299748420715332e-01,-9.195161616507477320e-02
-1.300000000000000044e-01,-1.375489394590768966e-01,-6.376698613166809082e-01,-9.443620651704720537e-02
-1.300000000000000044e-01,-1.376259608426755043e-01,-6.319429874420166016e-01,-9.703158796770769423e-02
-1.300000000000000044e-01,-1.371062501850141280e-01,-5.882796645164489746e-01,-9.661980502137720861e-02
-1.300000000000000044e-01,-1.367645423483632439e-01,-5.842710733413696289e-01,-9.393497662103125756e-02
-1.300000000000000044e-01,-1.363208538241445222e-01,-5.595773458480834961e-01,-9.263895394957002982e-02
-1.300000000000000044e-01,-1.364498993028607499e-01,-5.745114684104919434e-01,-9.119796553345563273e-02
-1.300000000000000044e-01,-1.367513276010522139e-01,-5.915770530700683594e-01,-9.253888237367774439e-02
-1.300000000000000044e-01,-1.371814547562353603e-01,-6.200780272483825684e-01,-9.444386154851455717e-02
-1.300000000000000044e-01,-1.370023433958177661e-01,-6.016671657562255859e-01,-9.668554646126878427e-02
-1.300000000000000044e-01,-1.362793006165863297e-01,-5.506325364112854004e-01,-9.602649858276524064e-02
-1.300000000000000044e-01,-1.359417315495372869e-01,-5.212838649749755859e-01,-9.321446121772467008e-02
-1.300000000000000044e-01,-1.353110267731867378e-01,-4.831836521625518799e-01,-9.258750191049064382e-02
-1.300000000000000044e-01,-1.349979469694437828e-01,-4.692874550819396973e-01,-9.076702884607762423e-02
-1.300000000000000044e-01,-1.351816115281227193e-01,-4.917822182178497314e-01,-9.057636037377619909e-02
-1.300000000000000044e-01,-1.354548877310460808e-01,-5.233784317970275879e-01,-9.251435461731596921e-02
-1.300000000000000044e-01,-1.351530552289568476e-01,-4.831320643424987793e-01,-9.449249685377661412e-02
-1.300000000000000044e-01,-1.343724696234196159e-01,-4.022826254367828369e-01,-9.365760266972619763e-02
-1.300000000000000044e-01,-1.339844886512403244e-01,-3.561507761478424072e-01,-9.088700042484001984e-02
-1.300000000000000044e-01,-1.333134420529768216e-01,-2.999720871448516846e-01,-9.024291434768760833e-02
-1.300000000000000044e-01,-1.329872180706202778e-01,-2.784049808979034424e-01,-8.837926352739226832e-02
-1.300000000000000044e-01,-1.331309259405114853e-01,-3.019135892391204834e-01,-8.819968448100744263e-02
-1.300000000000000044e-01,-1.333944436314705717e-01,-3.509612679481506348e-01,-8.998806551299737277e-02
-1.300000000000000044e-01,-1.331265401970431195e-01,-2.948236465454101562e-01,-9.192513023470114120e-02
-1.300000000000000044e-01,-1.324009166384805813e-01,-2.390206456184387207e-01,-9.120210223625430102e-02
-1.300000000000000044e-01,-1.320454451437807764e-01,-2.372381836175918579e-01,-8.858107939534549946e-02
-1.300000000000000044e-01,-1.314473909630133885e-01,-2.240458428859710693e-01,-8.793875991911606627e-02
-1.300000000000000044e-01,-1.311873737400846007e-01,-2.231466472148895264e-01,-8.622822451782047315e-02
-1.300000000000000044e-01,-1.313886064371800610e-01,-2.343090623617172241e-01,-8.612823613001746592e-02
-1.300000000000000044e-01,-1.317257282558768616e-01,-2.369044423103332520e-01,-8.795017943064686872e-02
-1.300000000000000044e-01,-1.315392824061903665e-01,-2.311029136180877686e-01,-8.998640535763005599e-02
-1.300000000000000044e-01,-1.309369041010999268e-01,-2.081125378608703613e-01,-8.938028345279382114e-02
-1.300000000000000044e-01,-1.306766091684872788e-01,-2.033018022775650024e-01,-8.704423499366494010e-02
-1.300000000000000044e-01,-1.301816529407641976e-01,-1.841569095849990845e-01,-8.652917836188632472e-02
-1.300000000000000044e-01,-1.300111649905121014e-01,-1.854624450206756592e-01,-8.497710086206143598e-02
-1.300000000000000044e-01,-1.302568159197265707e-01,-2.043167203664779663e-01,-8.500058533732710031e-02
-1.300000000000000044e-01,-1.306934477252746085e-01,-2.201329916715621948e-01,-8.671218741033363819e-02
-1.300000000000000044e-01,-1.306094561534629495e-01,-2.083745896816253662e-01,-8.892091771461176075e-02
-1.300000000000000044e-01,-1.300984355920032642e-01,-1.794152706861495972e-01,-8.849221073415262928e-02
-1.300000000000000044e-01,-1.299684495799844908e-01,-1.841171234846115112e-01,-8.628276753583040415e-02
-1.300000000000000044e-01,-1.299902564633967916e-01,-1.811272352933883667e-01,-8.606670795255765005e-02
-1.300000000000000044e-01,-1.296417676510785155e-01,-1.499285995960235596e-01,-8.649350277993357594e-02
2.099999999999999922e-01,-1.285434381146218497e-01,-7.853981852531433105e-01,-9.229375006143403226e-02
2.099999999999999922e-01,-1.269081340484626563e-01,-7.853981852531433105e-01,-9.993937361699833932e-02
2.099999999999999922e-01,-1.241196864492906254e-01,-7.853981852531433105e-01,-1.092662224520634107e-01
2.099999999999999922e-01,-1.188167362105259084e-01,-7.853981852531433105e-01,-1.167130065853365095e-01
2.099999999999999922e-01,-1.130871531929798224e-01,-7.853981852531433105e-01,-1.161209440893380129e-01
2.099999999999999922e-01,-1.064081347416666323e-01,-7.853981852531433105e-01,-1.172166072571060591e-01
2.099999999999999922e-01,-9.848374472475517061e-02,-7.853981852531433105e-01,-1.168204157344767957e-01
2.099999999999999922e-01,-9.028251496432203316e-02,-7.853981852531433105e-01,-1.133264180141174138e-01
2.099999999999999922e-01,-8.155763432316455452e-02,-7.853981852531433105e-01,-1.109015394107598362e-01
2.099999999999999922e-01,-7.187914135414312511e-02,-7.853981852531433105e-01,-1.077943572103215175e-01
2.099999999999999922e-01,-6.146554945659629676e-02,-7.853981852531433105e-01,-1.018005742853748674e-01
2.099999999999999922e-01,-5.088666147570023585e-02,-7.853981852531433105e-01,-9.390296974854656087e-02
2.099999999999999922e-01,-4.002630703774796850e-02,-7.853981852531433105e-01,-8.646025790566153058e-02
2.099999999999999922e-01,-2.885087926045466072e-02,-7.853981852531433105e-01,-7.849737112399393646e-02
2.099999999999999922e-01,-1.768666944161883040e-02,-7.853981852531433105e-01,-6.960168387701524961e-02
2.099999999999999922e-01,-6.274906755736293223e-03,-7.853981852531433105e-01,-6.105003983914561450e-02
2.099999999999999922e-01,5.091691529664777068e-03,-7.853981852531433105e-01,-5.136182111213352663e-02
2.099999999999999922e-01,1.652729617852579172e-02,-7.853981852531433105e-01,-4.176319442026205087e-02
2.099999999999999922e-01,2.747022440094422369e-02,-7.853981852531433105e-01,-3.149999207352910391e-02
2.099999999999999922e-01,3.771256344548006012e-02,-7.853981852531433105e-01,-2.297572500244704496e-02
2.099999999999999922e-01,4.759164605931849590e-02,-7.853981852531433105e-01,-1.667437172309198246e-02
2.099999999999999922e-01,5.729688622732188874e-02,-7.853981852531433105e-01,-1.069462084853075451e-02
2.099999999999999922e-01,6.672496509505031204e-02,-7.853981852531433105e-01,-4.138333881039561735e-03
2.099999999999999922e-01,7.616469478867543552e-02,-7.853981852531433105e-01,2.456544281130422502e-03
2.099999999999999922e-01,8.548357786408962433e-02,-7.853981852531433105e-01,1.036526887617711390e-02
2.099999999999999922e-01,9.430772790477441603e-02,-7.853981852531433105e-01,1.881224836423487506e-02
2.099999999999999922e-01,1.023971513811062911e-01,-7.853981852531433105e-01,2.610564074827385547e-02
2.099999999999999922e-01,1.104370333588565317e-01,-7.853981852531433105e-01,3.139272231425084547e-02
2.099999999999999922e-01,1.179229636993507496e-01,-7.853981852531433105e-01,3.797351797836757969e-02
2.099999999999999922e-01,1.254145036799637902e-01,-7.853981852531433105e-01,4.337577181683605065e-02
2.099999999999999922e-01,1.331107764036372210e-01,-7.853981852531433105e-01,5.020107235680772162e-02
2.099999999999999922e-01,1.407817693310617901e-01,-7.853981852531433105e-01,5.905381214003711798e-02
2.099999999999999922e-01,1.476638920081742024e-01,-7.853981852531433105e-01,6.860686572538576833e-02
2.099999999999999922e-01,1.534250295961754329e-01,-7.853981852531433105e-01,7.544201501429007028e-02
2.099999999999999922e-01,1.594487262685464202e-01,-7.853981852531433105e-01,7.855317279483783888e-02
2.099999999999999922e-01,1.653269625145267763e-01,-7.853980660438537598e-01,8.449932527852403730e-02
2.099999999999999922e-01,1.703111046772192716e-01,-7.853974103927612305e-01,9.093214327241654071e-02
2.099999999999999922e-01,1.755058168320637602e-01,-7.853777408599853516e-01,9.446350079605368710e-02
2.099999999999999922e-01,1.803320408315534085e-01,-7.853202819824218750e-01,1.003008063484861628e-01
2.099999999999999922e-01,1.842018786476469216e-01,-7.851448059082031250e-01,1.054705829823367746e-01
2.099999999999999922e-01,1.884797651819078990e-01,-7.840408682823181152e-01,1.074731430958235784e-01
2.099999999999999922e-01,1.926907062604263643e-01,-7.607142329216003418e-01,1.126483920620178630e-01
2.099999999999999922e-01,1.965933991019945537e-01,-5.158608555793762207e-01,1.183300035677515988e-01
2.099999999999999922e-01,1.997501096370045137e-01,-1.834909915924072266e-01,1.233617152005098555e-01
2.099999999999999922e-01,2.013050395330250042e-01,-1.520833820104598999e-01,1.259227690175379610e-01
2.099999999999999922e-01,2.040404018007885567e-01,4.234822466969490051e-02,1.226081099083294462e-01
2.099999999999999922e-01,2.068003221815376824e-01,1.810686290264129639e-01,1.262501602032299886e-01
2.099999999999999922e-01,2.095809729647761799e-01,3.583506047725677490e-01,1.305658242674521685e-01
2.099999999999999922e-01,2.121915311738405974e-01,5.033997297286987305e-01,1.354060202143939351e-01
2.099999999999999922e-01,2.144963236926956118e-01,5.666574239730834961e-01,1.398592979576092910e-01
2.099999999999999922e-01,2.161929196101571860e-01,5.744802951812744141e-01,1.433991642174331504e-01
2.099999999999999922e-01,2.163373108527928967e-01,5.669105052947998047e-01,1.448451292903724930e-01
2.099999999999999922e-01,2.176373975390943627e-01,5.853774547576904297e-01,1.403752007824652093e-01
2.099999999999999922e-01,2.189892179178208886e-01,5.919454693794250488e-01,1.424713860756876005e-01
2.099999999999999922e-01,2.203749060637935075e-01,6.123609542846679688e-01,1.451639430447863033e-01
2.099999999999999922e-01,2.217747959479336728e-01,6.480448246002197266e-01,1.482569403869752889e-01
2.099999999999999922e-01,2.232601994136417245e-01,6.753012537956237793e-01,1.515949444776973909e-01
2.099999999999999922e-01,2.230719033445295596e-01,6.572011709213256836e-01,1.554468857967125084e-01
2.099999999999999922e-01,2.217869401054622380e-01,6.134755611419677734e-01,1.521731715019578046e-01
2.099999999999999922e-01,2.214921390330418516e-01,6.155391931533813477e-01,1.452814385409239573e-01
2.099999999999999922e-01,2.216569199473970297e-01,6.261844038963317871e-01,1.441510700411410828e-01
2.099999999999999922e-01,2.220501529821249376e-01,6.397464275360107422e-01,1.453902039746869934e-01
2.099999999999999922e-01,2.226343120116896224e-01,6.558404564857482910e-01,1.475899299050593139e-01
2.099999999999999922e-01,2.234000896214125564e-01,6.696594953536987305e-01,1.504551380155794982e-01
2.099999999999999922e-01,2.231246860806555543e-01,6.564118862152099609e-01,1.538797974459441553e-01
2.099999999999999922e-01,2.217341311438499329e-01,6.135888695716857910e-01,1.525676315933477134e-01
2.099999999999999922e-01,2.207457731749685181e-01,5.896375775337219238e-01,1.469206528599701356e-01
2.099999999999999922e-01,2.200995383589236520e-01,5.826296806335449219e-01,1.440450044766219684e-01
2.099999999999999922e-01,2.198769529756655627e-01,5.841261148452758789e-01,1.430900256223954226e-01
2.099999999999999922e-01,2.200931490373947974e-01,5.899876952171325684e-01,1.440403217048984996e-01
2.099999999999999922e-01,2.204725682002465492e-01,5.986631512641906738e-01,1.466570101126988268e-01
2.099999999999999922e-01,2.210947495635518789e-01,6.127066016197204590e-01,1.495397994971125466e-01
2.099999999999999922e-01,2.207041306267343850e-01,5.926420092582702637e-01,1.530627899029657901e-01
2.099999999999999922e-01,2.191402035506198054e-01,5.832924842834472656e-01,1.518006242436288344e-01
2.099999999999999922e-01,2.181170436278306590e-01,5.746631622314453125e-01,1.458102412798553682e-01
2.099999999999999922e-01,2.173225712444477875e-01,5.692134499549865723e-01,1.431279255602732614e-01
2.099999999999999922e-01,2.170574131965150588e-01,5.704022049903869629e-01,1.417408878635190161e-01
2.099999999999999922e-01,2.171944038881192529e-01,5.731456875801086426e-01,1.426920431422620261e-01
2.099999999999999922e-01,2.176361021887842084e-01,5.771921277046203613e-01,1.450675103836667756e-01
2.099999999999999922e-01,2.172190350263611125e-01,5.695415139198303223e-01,1.482795401432568938e-01
2.099999999999999922e-01,2.160712464239569197e-01,5.530346632003784180e-01,1.472693628876782235e-01
2.099999999999999922e-01,2.152289180917889566e-01,5.342537760734558105e-01,1.432793539907474545e-01
2.099999999999999922e-01,2.141756344234510556e-01,5.032055377960205078e-01,1.411860564179949484e-01
2.099999999999999922e-01,2.138815321273364323e-01,5.055345892906188965e-01,1.383652841491307128e-01
2.099999999999999922e-01,2.139525546686063262e-01,5.123061537742614746e-01,1.390771308966375630e-01
2.099999999999999922e-01,2.143386535098387169e-01,5.333002805709838867e-01,1.410420360084945757e-01
2.099999999999999922e-01,2.139043984040641666e-01,5.053876042366027832e-01,1.439047385948655500e-01
2.099999999999999922e-01,2.128596420246866849e-01,4.478391706943511963e-01,1.427067072598574016e-01
2.099999999999999922e-01,2.124828771036205710e-01,4.439592659473419189e-01,1.390217703416031791e-01
2.099999999999999922e-01,2.119831177755056029e-01,3.962059617042541504e-01,1.387134704169106503e-01
2.099999999999999922e-01,2.111398549830019733e-01,3.364734053611755371e-01,1.377711568370117712e-01
2.099999999999999922e-01,2.108648195432763772e-01,3.383239507675170898e-01,1.353371971504710169e-01
2.099999999999999922e-01,2.112583949010037876e-01,3.824534118175506592e-01,1.355690717169515391e-01
2.099999999999999922e-01,2.119290393211112622e-01,4.479293227195739746e-01,1.384625053421411067e-01
2.099999999999999922e-01,2.118085461974285044e-01,4.067550897598266602e-01,1.419643188614356233e-01
2.099999999999999922e-01,2.109364305586243493e-01,3.247753977775573730e-01,1.414752229268412820e-01
2.099999999999999922e-01,2.104305436470081947e-01,2.862375974655151367e-01,1.378365779892853915e-01
2.099999999999999922e-01,2.096815728731905026e-01,2.430015206336975098e-01,1.363268501485402628e-01
2.099999999999999922e-01,2.097112596860281897e-01,2.688757479190826416e-01,1.338942981145397615e-01
2.099999999999999922e-01,2.102058137991745790e-01,3.173514604568481445e-01,1.350701784026833718e-01
7.000000000000000666e-02,2.106463817619040890e-01,7.853981852531433105e-01,1.408053401235556945e-01
7.000000000000000666e-02,2.100737775074446034e-01,7.853981852531433105e-01,1.477904698097972647e-01
7.000000000000000666e-02,2.078789310818285607e-01,7.853981852531433105e-01,1.515023203027689447e-01
7.000000000000000666e-02,2.061055684073481165e-01,7.853981852531433105e-01,1.496256153627233687e-01
7.000000000000000666e-02,2.036885411158180503e-01,7.853981852531433105e-01,1.515465561417959628e-01
7.000000000000000666e-02,2.004543051517032326e-01,7.853981852531433105e-01,1.517719341705279223e-01
7.000000000000000666e-02,1.975847892524084937e-01,7.853981852531433105e-01,1.495912902374960940e-01
7.000000000000000666e-02,1.949436476261783291e-01,7.853981852531433105e-01,1.502284670609405348e-01
7.000000000000000666e-02,1.913201398761286698e-01,7.853981852531433105e-01,1.524241096313275756e-01
7.000000000000000666e-02,1.865934601994452546e-01,7.853981852531433105e-01,1.505878593109226116e-01
7.000000000000000666e-02,1.824419881639824659e-01,7.853981852531433105e-01,1.446781945222276877e-01
7.000000000000000666e-02,1.782672383236182934e-01,7.853981852531433105e-01,1.423644407574605752e-01
7.000000000000000666e-02,1.738160653854411986e-01,7.853981852531433105e-01,1.402646988254423466e-01
7.000000000000000666e-02,1.689754091942090031e-01,7.853981852531433105e-01,1.371156371142831509e-01
7.000000000000000666e-02,1.644359683116244919e-01,7.853981852531433105e-01,1.324646388892060933e-01
7.000000000000000666e-02,1.603034129245282657e-01,7.853981852531433105e-01,1.294063746383875002e-01
7.000000000000000666e-02,1.554704193261137457e-01,7.853981852531433105e-01,1.280246279743761928e-01
7.000000000000000666e-02,1.500613027505705577e-01,7.853981852531433105e-01,1.231817511069618620e-01
7.000000000000000666e-02,1.453336374395641506e-01,7.853981852531433105e-01,1.158861017317844022e-01
7.000000000000000666e-02,1.406078415210581523e-01,7.853981852531433105e-01,1.118687303426114527e-01
7.000000000000000666e-02,1.358128807463631071e-01,7.853981852531433105e-01,1.075281923180107929e-01
7.000000000000000666e-02,1.312945617637867879e-01,7.853981852531433105e-01,1.025513321523751353e-01
7.000000000000000666e-02,1.273189267863537311e-01,7.853980064392089844e-01,9.849485367189526885e-02
7.000000000000000666e-02,1.235618900844294432e-01,7.853976488113403320e-01,9.633445596754496021e-02
7.000000000000000666e-02,1.192746502771986628e-01,7.853958606719970703e-01,9.435775361329204469e-02
7.000000000000000666e-02,1.148335226385968216e-01,7.853882312774658203e-01,8.929494819223643409e-02
7.000000000000000666e-02,1.109491580869715888e-01,7.853668332099914551e-01,8.327554391347362361e-02
7.000000000000000666e-02,1.072057092002803025e-01,7.853043675422668457e-01,7.951146166214059785e-02
7.000000000000000666e-02,1.035093585842756930e-01,7.851058840751647949e-01,7.578625764596665093e-02
7.000000000000000666e-02,1.000266678683280064e-01,7.845985889434814453e-01,7.168231739354649634e-02
7.000000000000000666e-02,9.707682831277686386e-02,7.836778759956359863e-01,6.800425695310437224e-02
7.000000000000000666e-02,9.433848380055863403e-02,7.819679975509643555e-01,6.610158304513666372e-02
7.000000000000000666e-02,9.130364926534266512e-02,7.777118086814880371e-01,6.432010056601421277e-02
7.000000000000000666e-02,8.824342555302666646e-02,7.686156630516052246e-01,6.046426921981509772e-02
7.000000000000000666e-02,8.556352205910695841e-02,7.542831897735595703e-01,5.609120198179756711e-02
7.000000000000000666e-02,8.301653072883888318e-02,7.257350087165832520e-01,5.306137685444997643e-02
7.000000000000000666e-02,8.071246704574192021e-02,6.873615980148315430e-01,5.007434051455913332e-02
7.000000000000000666e-02,7.891138427733268568e-02,6.387389898300170898e-01,4.763785993336142055e-02
7.000000000000000666e-02,7.723650174821801440e-02,5.495064258575439453e-01,4.684634979423467349e-02
7.000000000000000666e-02,7.531586848244752053e-02,4.045123457908630371e-01,4.584059999512128669e-02
7.000000000000000666e-02,7.344500717781243804e-02,2.321357578039169312e-01,4.309585259096511412e-02
7.000000000000000666e-02,7.197286343918250784e-02,9.353528916835784912e-02,4.023128334131394895e-02
7.000000000000000666e-02,7.057955585539907317e-02,1.537931896746158600e-02,3.881410767278262175e-02
7.000000000000000666e-02,6.927836917024823848e-02,-5.174259468913078308e-02,3.723360840723012599e-02
7.000000000000000666e-02,6.809944434415605985e-02,-1.316234916448593140e-01,3.562065451513389547e-02
7.000000000000000666e-02,6.736396911911872454e-02,-1.725704967975616455e-01,3.415149211533879958e-02
7.000000000000000666e-02,6.669605834486169726e-02,-2.073736339807510376e-01,3.425571805273452258e-02
7.000000000000000666e-02,6.581559736526040871e-02,-2.617161870002746582e-01,3.408108044431532035e-02
7.000000000000000666e-02,6.494246611199407104e-02,-2.952716946601867676e-01,3.250978824098686021e-02
7.000000000000000666e-02,6.423657161099356749e-02,-3.451065123081207275e-01,3.076944192216192822e-02
7.000000000000000666e-02,6.363000844044389148e-02,-3.699756860733032227e-01,2.960172092675068117e-02
7.000000000000000666e-02,6.317785725425223431e-02,-3.833433389663696289e-01,2.863251665992549988e-02
7.000000000000000666e-02,6.305734742922602942e-02,-3.879000246524810791e-01,2.809776461054489666e-02
7.000000000000000666e-02,6.298314824893684605e-02,-3.456656932830810547e-01,2.874202197671128778e-02
7.000000000000000666e-02,6.269435715910721962e-02,-4.056546092033386230e-01,2.916894177346738073e-02
7.000000000000000666e-02,6.236078407330636342e-02,-4.304693341255187988e-01,2.832538847195063131e-02
7.000000000000000666e-02,6.215431910166635543e-02,-4.454599618911743164e-01,2.719163476102699761e-02
7.000000000000000666e-02,6.201305206015386012e-02,-4.438148140907287598e-01,2.657558302058939809e-02
7.000000000000000666e-02,6.199694602726312648e-02,-4.381923377513885498e-01,2.612981070808301914e-02
7.000000000000000666e-02,6.227215024782920688e-02,-4.221610128879547119e-01,2.610752598805942543e-02
7.000000000000000666e-02,6.255883050200222728e-02,-3.640807569026947021e-01,2.719772241002502838e-02
7.000000000000000666e-02,6.261641507991418110e-02,-4.030470550060272217e-01,2.802892900537770973e-02
7.000000000000000666e-02,6.259377064359951393e-02,-4.132948219776153564e-01,2.763544024868504895e-02
7.000000000000000666e-02,6.279492862399563280e-02,-3.944511711597442627e-01,2.688805579788615396e-02
7.000000000000000666e-02,6.294888350529305454e-02,-3.980641067028045654e-01,2.718068065920169543e-02
7.000000000000000666e-02,6.308819924200663454e-02,-3.866032361984252930e-01,2.715894094840136733e-02
7.000000000000000666e-02,6.329807923881243525e-02,-3.594241440296173096e-01,2.703370760095997333e-02
7.000000000000000666e-02,6.369907941958909137e-02,-3.208031058311462402e-01,2.720517411267938529e-02
7.000000000000000666e-02,6.393979332138886862e-02,-3.154260218143463135e-01,2.816301772052009697e-02
7.000000000000000666e-02,6.398783543897955395e-02,-3.254806995391845703e-01,2.826170380358382708e-02
7.000000000000000666e-02,6.426765907690309976e-02,-3.040323853492736816e-01,2.751284451636333908e-02
7.000000000000000666e-02,6.449868744618066085e-02,-3.077349960803985596e-01,2.791552273361763009e-02
7.000000000000000666e-02,6.469541121782262927e-02,-2.908708751201629639e-01,2.804711189561872112e-02
7.000000000000000666e-02,6.496207196172294751e-02,-2.817383706569671631e-01,2.802616331706750050e-02
7.000000000000000666e-02,6.550488569295924435e-02,-2.497749477624893188e-01,2.833864304247794494e-02
7.000000000000000666e-02,6.604132508742828478e-02,-2.162127047777175903e-01,2.984578808118015097e-02
7.000000000000000666e-02,6.629561348755694250e-02,-2.110569924116134644e-01,3.113636777460938865e-02
7.000000000000000666e-02,6.637972106132246364e-02,-2.113528549671173096e-01,3.106973355022601621e-02
7.000000000000000666e-02,6.655262694200662910e-02,-2.026956677436828613e-01,3.036379672310064726e-02
7.000000000000000666e-02,6.670129064130267404e-02,-1.907304823398590088e-01,3.024038724808160439e-02
7.000000000000000666e-02,6.695466371113902027e-02,-1.717216819524765015e-01,3.008984993614263748e-02
7.000000000000000666e-02,6.746431341579668672e-02,-1.341927945613861084e-01,3.047505872313885367e-02
7.000000000000000666e-02,6.796782849824746509e-02,-8.862695097923278809e-02,3.197878149055313757e-02
7.000000000000000666e-02,6.816907183059066344e-02,-8.927531540393829346e-02,3.328733108915677558e-02
7.000000000000000666e-02,6.818482878634354871e-02,-9.392365068197250366e-02,3.316355861103877090e-02
7.000000000000000666e-02,6.842198055605236418e-02,-6.954164803028106689e-02,3.235430618043858009e-02
7.000000000000000666e-02,6.859127497770724224e-02,-5.882967263460159302e-02,3.273570348260078366e-02
7.000000000000000666e-02,6.869714032959124694e-02,-5.460518598556518555e-02,3.282768140984583527e-02
7.000000000000000666e-02,6.885672280506523191e-02,-4.735697805881500244e-02,3.269560958898514585e-02
7.000000000000000666e-02,6.923469267135469452e-02,-2.174692228436470032e-02,3.288388632982933851e-02
7.000000000000000666e-02,6.939820383841822926e-02,-1.990046165883541107e-02,3.405769210894205035e-02
7.000000000000000666e-02,6.927781133993082818e-02,-2.973913587629795074e-02,3.417008066689684181e-02
7.000000000000000666e-02,6.942792673180604723e-02,-1.796196587383747101e-02,3.309316058424946472e-02
7.000000000000000666e-02,6.952149460391278402e-02,-7.579882163554430008e-03,3.343629853450481859e-02
7.000000000000000666e-02,6.955643258121733952e-02,-1.222690567374229431e-02,3.351478405499072610e-02
7.000000000000000666e-02,6.965033873016110433e-02,-8.603456430137157440e-03,3.336368503809511443e-02
7.000000000000000666e-02,6.996430324706436055e-02,1.059761270880699158e-02,3.353301962498445032e-02
7.000000000000000666e-02,7.006987844412078392e-02,1.085770782083272934e-02,3.467392915906066658e-02
